973020100L-11,11,Route de Baduel,97300,Cayenne,OSM,4.928132758820000,-52.300867735300002
973020100L-1,1,Route de Baduel,97300,Cayenne,OSM,4.927981630770000,-52.302087823100003
973020100L-15,15,Route de Baduel,97300,Cayenne,OSM,4.928816023530000,-52.301067258800003
973020100L-18,18,Route de Baduel,97300,Cayenne,OSM,4.928211688240000,-52.301230699999998
973020100L-2,2,Route de Baduel,97300,Cayenne,OSM,4.927952169230000,-52.301871815399998
973020100L-3,3,Route de Baduel,97300,Cayenne,OSM,4.927925500000000,-52.301658476900002
973020100L-4,4,Route de Baduel,97300,Cayenne,OSM,4.927862517650000,-52.301427188200002
973020100L-5,5,Route de Baduel,97300,Cayenne,OSM,4.927995152940000,-52.301256076500003
973020100L-6,6,Route de Baduel,97300,Cayenne,OSM,4.927888876920000,-52.300909815399997
973020100L-7,7,Route de Baduel,97300,Cayenne,OSM,4.927771492310000,-52.300812753800002
973020100L-8,8,Route de Baduel,97300,Cayenne,OSM,4.927460317650000,-52.300807900000002
973020100L-9,9,Route de Baduel,97300,Cayenne,OSM,4.927461882350000,-52.301262470600001
973020194N-1,1,Rue des Dalhias,97300,Cayenne,OSM,4.922508220000000,-52.320986320000003
973020194N-6,6,Rue des Dalhias,97300,Cayenne,OSM,4.922274530770000,-52.320853000000000
973020194N-8,8,Rue des Dalhias,97300,Cayenne,OSM,4.922189960000000,-52.320701260000000
973020304H-12,12,Avenue des Flamboyants,97300,Cayenne,OSM,4.922183980000000,-52.321328600000001
973020304H-14,14,Avenue des Flamboyants,97300,Cayenne,OSM,4.922232920000000,-52.321226639999999
973020304H-16,16,Avenue des Flamboyants,97300,Cayenne,OSM,4.922277620000000,-52.321180839999997
973020304H-18,18,Avenue des Flamboyants,97300,Cayenne,OSM,4.922368880000000,-52.321057160000002
973020304H-20,20,Avenue des Flamboyants,97300,Cayenne,OSM,4.922622260000000,-52.320966480000003
973020304H-22,22,Avenue des Flamboyants,97300,Cayenne,OSM,4.922681840000000,-52.320916720000000
973020304H-24,24,Avenue des Flamboyants,97300,Cayenne,OSM,4.922765920000000,-52.320864680000000
973020304H-28,28,Avenue des Flamboyants,97300,Cayenne,OSM,4.922918720000000,-52.320664819999998
973020304H-30,30,Avenue des Flamboyants,97300,Cayenne,OSM,4.923084677780000,-52.320519388900003
973020400M-375,375,Chemin Grant,97300,Cayenne,OSM,4.948862920000000,-52.302382100000003
973020430V-16,16,Avenue Gustave Charlery,97300,Cayenne,OSM,4.942916140000000,-52.319006979999997
973020480Z-65,65,Rue Justin Catayée,97300,Cayenne,OSM,4.938058100000000,-52.330184400000000
973020490K-64,64,Rue Lallouette,97300,Cayenne,OSM,4.940747500000000,-52.328667000000003
973020490K-65,65,Rue Lallouette,97300,Cayenne,OSM,4.940750400000000,-52.328585300000000
973020490K-82,82,Rue Lallouette,97300,Cayenne,OSM,4.940830122220000,-52.327864688900000
973020590U-1,1,Rue Louis Blanc,97300,Cayenne,OSM,4.938455535710000,-52.335508235699997
973020630M-1315,1315,Route de la Madeleine,97300,Cayenne,OSM,4.921731757140000,-52.322327271399999
973020630M-1333,1333,Route de la Madeleine,97300,Cayenne,OSM,4.921521100000000,-52.322100599999999
973020755Y-13,13,Rue des Orchidées,97300,Cayenne,OSM,4.922859300000000,-52.320013299999999
973020755Y-28,28,Rue des Orchidées,97300,Cayenne,OSM,4.923167700000000,-52.320260099999999
973020817R-43,43,Rue des  Ramiers,97300,Cayenne,OSM,4.926489700000000,-52.321331200000003
973020830E-10ODER8,10ODER8,Rue de Rémire,97300,Cayenne,OSM,4.937950200000000,-52.334810300000001
973020884N-12,12,Rue des Rosiers,97300,Cayenne,OSM,4.921536285710000,-52.320894457100003
973020884N-13,13,Rue des Rosiers,97300,Cayenne,OSM,4.921866988890000,-52.320793199999997
973020884N-15,15,Rue des Rosiers,97300,Cayenne,OSM,4.921959880000000,-52.320625139999997
973020884N-5,5,Rue des Rosiers,97300,Cayenne,OSM,4.921660200000000,-52.321322379999998
973020952M-560,560,Chemin Source de Baduel,97300,Cayenne,OSM,4.928484300000000,-52.309553528599999
973020976N-7,7,Rue des Toucans,97300,Cayenne,OSM,4.927899200000000,-52.322871999999997
973020976N-8,8,Rue des Toucans,97300,Cayenne,OSM,4.927733200000000,-52.322812599999999
973021185R-1,1,Allée Irmis,97300,Cayenne,OSM,4.940047709090000,-52.302610299999998
973040016L-10,10,Rue des Alizés,97310,Kourou,OSM,5.161781260000000,-52.643518020000002
973040016L-12,12,Rue des Alizés,97310,Kourou,OSM,5.161840280000000,-52.643662999999997
973040016L-13,13,Rue des Alizés,97310,Kourou,OSM,5.161995380000000,-52.643769140000003
973040016L-3,3,Rue des Alizés,97310,Kourou,OSM,5.161841720000000,-52.644128600000002
973040016L-4,4,Rue des Alizés,97310,Kourou,OSM,5.161635800000000,-52.644063600000003
973040016L-5,5,Rue des Alizés,97310,Kourou,OSM,5.161473340000000,-52.643891680000003
973040016L-6,6,Rue des Alizés,97310,Kourou,OSM,5.161322960000000,-52.643747400000002
973040016L-7,7,Rue des Alizés,97310,Kourou,OSM,5.161491060000000,-52.643635119999999
973040016L-8,8,Rue des Alizés,97310,Kourou,OSM,5.161693260000000,-52.643852199999998
973040016L-9,9,Rue des Alizés,97310,Kourou,OSM,5.161637780000000,-52.643452539999998
973040022T-1,1,Rue Amarante,97310,Kourou,OSM,5.156450420000000,-52.639792960000001
973040022T-13,13,Rue Amarante,97310,Kourou,OSM,5.156448980000000,-52.640223400000004
973040022T-14,14,Rue Amarante,97310,Kourou,OSM,5.156551420000000,-52.640149680000000
973040022T-15,15,Rue Amarante,97310,Kourou,OSM,5.156655460000000,-52.640038480000001
973040022T-16,16,Rue Amarante,97310,Kourou,OSM,5.156742740000000,-52.639962140000002
973040022T-3,3,Rue Amarante,97310,Kourou,OSM,5.156372700000000,-52.639854999999997
973040022T-5,5,Rue Amarante,97310,Kourou,OSM,5.156296640000000,-52.639926799999998
973040022T-7,7,Rue Amarante,97310,Kourou,OSM,5.156221040000000,-52.640008680000001
973040024V-4,4,Place des Amériques,97310,Kourou,OSM,5.154514300000000,-52.654213400000003
973040062L-1,1,Rue de la Montagne d'Argent,97310,Kourou,OSM,5.176467140000000,-52.651898340000002
973040062L-3,3,Rue de la Montagne d'Argent,97310,Kourou,OSM,5.176603940000000,-52.652050500000001
973040062L-5,5,Rue de la Montagne d'Argent,97310,Kourou,OSM,5.176707780000000,-52.652147759999998
973040062L-7,7,Rue de la Montagne d'Argent,97310,Kourou,OSM,5.176831260000000,-52.652269500000003
973040063M-11,11,Rue Jocelyn Auprat,97310,Kourou,OSM,5.153905680000000,-52.649852279999998
973040063M-1,1,Rue Jocelyn Auprat,97310,Kourou,OSM,5.154977120000000,-52.649656980000003
973040063M-12,12,Rue Jocelyn Auprat,97310,Kourou,OSM,5.153807400000000,-52.650221860000002
973040063M-13,13,Rue Jocelyn Auprat,97310,Kourou,OSM,5.153747780000000,-52.649902519999998
973040063M-14,14,Rue Jocelyn Auprat,97310,Kourou,OSM,5.153656580000000,-52.650257619999998
973040063M-15,15,Rue Jocelyn Auprat,97310,Kourou,OSM,5.153580180000000,-52.649902519999998
973040063M-2,2,Rue Jocelyn Auprat,97310,Kourou,OSM,5.154980680000000,-52.650063359999997
973040063M-8,8,Rue Jocelyn Auprat,97310,Kourou,OSM,5.154285840000000,-52.650171039999996
973040065P-16,16,Rue des Awaras,97310,Kourou,OSM,5.161949940000000,-52.643240620000000
973040065P-17,17,Rue des Awaras,97310,Kourou,OSM,5.162182600000000,-52.643516360000000
973040065P-18,18,Rue des Awaras,97310,Kourou,OSM,5.162068700000000,-52.643102419999998
973040065P-19,19,Rue des Awaras,97310,Kourou,OSM,5.162344900000000,-52.643371080000001
973040065P-20,20,Rue des Awaras,97310,Kourou,OSM,5.162208820000000,-52.642954500000002
973040065P-21,21,Rue des Awaras,97310,Kourou,OSM,5.162469380000000,-52.643237319999997
973040066R-11,11,Rue Abel Azor,97310,Kourou,OSM,5.164194900000000,-52.642518199999998
973040066R-1,1,Rue Abel Azor,97310,Kourou,OSM,5.164324800000000,-52.642386799999997
973040066R-13,13,Rue Abel Azor,97310,Kourou,OSM,5.164168900000000,-52.642544500000000
973040066R-15,15,Rue Abel Azor,97310,Kourou,OSM,5.164142900000000,-52.642570800000001
973040066R-17,17,Rue Abel Azor,97310,Kourou,OSM,5.164116900000000,-52.642597100000003
973040066R-19,19,Rue Abel Azor,97310,Kourou,OSM,5.164090900000000,-52.642623399999998
973040066R-21,21,Rue Abel Azor,97310,Kourou,OSM,5.164064900000000,-52.642649599999999
973040066R-23,23,Rue Abel Azor,97310,Kourou,OSM,5.164038900000000,-52.642675900000000
973040066R-25,25,Rue Abel Azor,97310,Kourou,OSM,5.164012900000000,-52.642702200000002
973040066R-27,27,Rue Abel Azor,97310,Kourou,OSM,5.163986900000000,-52.642728499999997
973040066R-29,29,Rue Abel Azor,97310,Kourou,OSM,5.163960900000000,-52.642754799999999
973040066R-31,31,Rue Abel Azor,97310,Kourou,OSM,5.163934900000000,-52.642781100000001
973040066R-33,33,Rue Abel Azor,97310,Kourou,OSM,5.163908900000000,-52.642807400000002
973040066R-3,3,Rue Abel Azor,97310,Kourou,OSM,5.164298800000000,-52.642413099999999
973040066R-35,35,Rue Abel Azor,97310,Kourou,OSM,5.163882900000000,-52.642833600000003
973040066R-4,4,Rue Abel Azor,97310,Kourou,OSM,5.164276900000000,-52.642637700000002
973040066R-5,5,Rue Abel Azor,97310,Kourou,OSM,5.164272900000000,-52.642439400000001
973040066R-6,6,Rue Abel Azor,97310,Kourou,OSM,5.164191400000000,-52.642717599999997
973040066R-7,7,Rue Abel Azor,97310,Kourou,OSM,5.164246900000000,-52.642465700000002
973040066R-9,9,Rue Abel Azor,97310,Kourou,OSM,5.164220900000000,-52.642491900000003
973040079E-10,10,Rue Jules Bayonne,97310,Kourou,OSM,5.154858120000000,-52.650902279999997
973040079E-11,11,Rue Jules Bayonne,97310,Kourou,OSM,5.154542600000000,-52.650830599999999
973040079E-1,1,Rue Jules Bayonne,97310,Kourou,OSM,5.154489740000000,-52.650158619999999
973040079E-12,12,Rue Jules Bayonne,97310,Kourou,OSM,5.154891611110000,-52.651098911100000
973040079E-13,13,Rue Jules Bayonne,97310,Kourou,OSM,5.154543160000000,-52.650877600000001
973040079E-14,14,Rue Jules Bayonne,97310,Kourou,OSM,5.154902533330000,-52.651317611099998
973040079E-15,15,Rue Jules Bayonne,97310,Kourou,OSM,5.154581100000000,-52.651052940000000
973040079E-16,16,Rue Jules Bayonne,97310,Kourou,OSM,5.154915811110000,-52.651487833300003
973040079E-17,17,Rue Jules Bayonne,97310,Kourou,OSM,5.154581660000000,-52.651099940000002
973040079E-18,18,Rue Jules Bayonne,97310,Kourou,OSM,5.154947120000000,-52.651736880000001
973040079E-20,20,Rue Jules Bayonne,97310,Kourou,OSM,5.154959620000000,-52.651907559999998
973040079E-21,21,Rue Jules Bayonne,97310,Kourou,OSM,5.154588800000000,-52.651547999999998
973040079E-2,2,Rue Jules Bayonne,97310,Kourou,OSM,5.154770780000000,-52.650105879999998
973040079E-23,23,Rue Jules Bayonne,97310,Kourou,OSM,5.154589360000000,-52.651595000000000
973040079E-25,25,Rue Jules Bayonne,97310,Kourou,OSM,5.154640800000000,-52.651787740000003
973040079E-27,27,Rue Jules Bayonne,97310,Kourou,OSM,5.154641360000000,-52.651834739999998
973040079E-28,28,Rue Jules Bayonne,97310,Kourou,OSM,5.155011220000000,-52.652774180000002
973040079E-29,29,Rue Jules Bayonne,97310,Kourou,OSM,5.154704380000000,-52.652042999999999
973040079E-30,30,Rue Jules Bayonne,97310,Kourou,OSM,5.155024840000000,-52.652950580000002
973040079E-31,31,Rue Jules Bayonne,97310,Kourou,OSM,5.154704920000000,-52.652090000000001
973040079E-32,32,Rue Jules Bayonne,97310,Kourou,OSM,5.155208160000000,-52.652814399999997
973040079E-33,33,Rue Jules Bayonne,97310,Kourou,OSM,5.154704180000000,-52.652249980000001
973040079E-3,3,Rue Jules Bayonne,97310,Kourou,OSM,5.154507900000000,-52.650320100000002
973040079E-34,34,Rue Jules Bayonne,97310,Kourou,OSM,5.155240040000000,-52.652993100000003
973040079E-36,36,Rue Jules Bayonne,97310,Kourou,OSM,5.155199700000000,-52.653169079999998
973040079E-37,37,Rue Jules Bayonne,97310,Kourou,OSM,5.154729422220000,-52.652747566700000
973040079E-38,38,Rue Jules Bayonne,97310,Kourou,OSM,5.154966560000000,-52.653227059999999
973040079E-39,39,Rue Jules Bayonne,97310,Kourou,OSM,5.154716960000000,-52.652916240000003
973040079E-40,40,Rue Jules Bayonne,97310,Kourou,OSM,5.155201160000000,-52.653311479999999
973040079E-41,41,Rue Jules Bayonne,97310,Kourou,OSM,5.154713000000000,-52.652963079999999
973040079E-42,42,Rue Jules Bayonne,97310,Kourou,OSM,5.155166460000000,-52.653517460000003
973040079E-43,43,Rue Jules Bayonne,97310,Kourou,OSM,5.154676260000000,-52.653149839999998
973040079E-44,44,Rue Jules Bayonne,97310,Kourou,OSM,5.154916460000000,-52.653502719999999
973040079E-45,45,Rue Jules Bayonne,97310,Kourou,OSM,5.154672300000000,-52.653196680000001
973040079E-49,49,Rue Jules Bayonne,97310,Kourou,OSM,5.154635020000000,-52.653374700000001
973040079E-51,51,Rue Jules Bayonne,97310,Kourou,OSM,5.154631080000000,-52.653421520000002
973040079E-5,5,Rue Jules Bayonne,97310,Kourou,OSM,5.154508460000000,-52.650367099999997
973040079E-7,7,Rue Jules Bayonne,97310,Kourou,OSM,5.154498160000000,-52.650574640000002
973040079E-8,8,Rue Jules Bayonne,97310,Kourou,OSM,5.154814920000000,-52.650679019999998
973040079E-9,9,Rue Jules Bayonne,97310,Kourou,OSM,5.154498700000000,-52.650621639999997
973040094W-10,10,Avenue Bois Chaudat,97310,Kourou,OSM,5.162289400000000,-52.648972800000003
973040094W-12,12,Avenue Bois Chaudat,97310,Kourou,OSM,5.162434100000000,-52.648905999999997
973040094W-14,14,Avenue Bois Chaudat,97310,Kourou,OSM,5.162540600000000,-52.648797299999998
973040094W-18,18,Avenue Bois Chaudat,97310,Kourou,OSM,5.162629260000000,-52.648628119999998
973040094W-20,20,Avenue Bois Chaudat,97310,Kourou,OSM,5.162692620000000,-52.648564139999998
973040094W-4,4,Avenue Bois Chaudat,97310,Kourou,OSM,5.162177600000000,-52.649081600000002
973040094W-6,6,Avenue Bois Chaudat,97310,Kourou,OSM,5.162214900000000,-52.649041500000003
973040094W-8,8,Avenue Bois Chaudat,97310,Kourou,OSM,5.162251300000000,-52.649006700000001
973040095X-10,10,Chemin du Bois Diable,97310,Kourou,OSM,5.164660400000000,-52.643260499999997
973040095X-12,12,Chemin du Bois Diable,97310,Kourou,OSM,5.164582600000000,-52.643317400000001
973040095X-14,14,Chemin du Bois Diable,97310,Kourou,OSM,5.164504700000000,-52.643374199999997
973040095X-16,16,Chemin du Bois Diable,97310,Kourou,OSM,5.164426900000000,-52.643431000000000
973040095X-2,2,Chemin du Bois Diable,97310,Kourou,OSM,5.164961700000000,-52.643053799999997
973040095X-3,3,Chemin du Bois Diable,97310,Kourou,OSM,5.164583100000000,-52.642982799999999
973040095X-4,4,Chemin du Bois Diable,97310,Kourou,OSM,5.164886000000000,-52.643106400000001
973040095X-5,5,Chemin du Bois Diable,97310,Kourou,OSM,5.164494500000000,-52.643062700000002
973040095X-6,6,Chemin du Bois Diable,97310,Kourou,OSM,5.164810400000000,-52.643158999999997
973040095X-8,8,Chemin du Bois Diable,97310,Kourou,OSM,5.164734700000000,-52.643211500000000
973040108L-1,1,Rue Cabalou,97310,Kourou,OSM,5.155134400000000,-52.646454020000000
973040108L-2,2,Rue Cabalou,97310,Kourou,OSM,5.155283885710000,-52.646547114299999
973040108L-3,3,Rue Cabalou,97310,Kourou,OSM,5.155450780000000,-52.646601820000001
973040108L-4,4,Rue Cabalou,97310,Kourou,OSM,5.155596740000000,-52.646689320000000
973040108L-5,5,Rue Cabalou,97310,Kourou,OSM,5.155762900000000,-52.646783399999997
973040108L-6,6,Rue Cabalou,97310,Kourou,OSM,5.155925800000000,-52.646864899999997
973040108L-7,7,Rue Cabalou,97310,Kourou,OSM,5.156076680000000,-52.646952960000000
973040126F-2,2,Rue de la Montagne des Chevaux,97310,Kourou,OSM,5.177925840000000,-52.654464339999997
973040126F-4,4,Rue de la Montagne des Chevaux,97310,Kourou,OSM,5.177830600000000,-52.654559900000002
973040126F-6,6,Rue de la Montagne des Chevaux,97310,Kourou,OSM,5.177798440000000,-52.654740740000001
973040126F-8,8,Rue de la Montagne des Chevaux,97310,Kourou,OSM,5.177890720000000,-52.654878560000000
973040127G-10,10,Rue Pierre-Louis Chaumet,97310,Kourou,OSM,5.154200340000000,-52.650672600000000
973040127G-11,11,Rue Pierre-Louis Chaumet,97310,Kourou,OSM,5.153881680000000,-52.650796079999999
973040127G-12,12,Rue Pierre-Louis Chaumet,97310,Kourou,OSM,5.154209400000000,-52.650851840000001
973040127G-13,13,Rue Pierre-Louis Chaumet,97310,Kourou,OSM,5.153677220000000,-52.650788499999997
973040127G-14,14,Rue Pierre-Louis Chaumet,97310,Kourou,OSM,5.154209960000000,-52.650898840000004
973040127G-15,15,Rue Pierre-Louis Chaumet,97310,Kourou,OSM,5.153728400000000,-52.651154400000003
973040127G-16,16,Rue Pierre-Louis Chaumet,97310,Kourou,OSM,5.154219060000000,-52.651103239999998
973040127G-17,17,Rue Pierre-Louis Chaumet,97310,Kourou,OSM,5.153937760000000,-52.651077000000001
973040127G-18,18,Rue Pierre-Louis Chaumet,97310,Kourou,OSM,5.154219600000000,-52.651150219999998
973040127G-19,19,Rue Pierre-Louis Chaumet,97310,Kourou,OSM,5.153959560000000,-52.651230099999999
973040127G-20,20,Rue Pierre-Louis Chaumet,97310,Kourou,OSM,5.154334600000000,-52.651578919999999
973040127G-21,21,Rue Pierre-Louis Chaumet,97310,Kourou,OSM,5.153728960000000,-52.651201399999998
973040127G-22,22,Rue Pierre-Louis Chaumet,97310,Kourou,OSM,5.154335160000000,-52.651625899999999
973040127G-2,2,Rue Pierre-Louis Chaumet,97310,Kourou,OSM,5.154118120000000,-52.650198680000003
973040127G-23,23,Rue Pierre-Louis Chaumet,97310,Kourou,OSM,5.153780160000000,-52.651564600000000
973040127G-24,24,Rue Pierre-Louis Chaumet,97310,Kourou,OSM,5.154338460000000,-52.651836099999997
973040127G-25,25,Rue Pierre-Louis Chaumet,97310,Kourou,OSM,5.153997200000000,-52.651503859999998
973040127G-26,26,Rue Pierre-Louis Chaumet,97310,Kourou,OSM,5.154339000000000,-52.651883099999999
973040127G-27,27,Rue Pierre-Louis Chaumet,97310,Kourou,OSM,5.154009100000000,-52.651655560000002
973040127G-28,28,Rue Pierre-Louis Chaumet,97310,Kourou,OSM,5.154340380000000,-52.652075879999998
973040127G-29,29,Rue Pierre-Louis Chaumet,97310,Kourou,OSM,5.153780720000000,-52.651611600000003
973040127G-30,30,Rue Pierre-Louis Chaumet,97310,Kourou,OSM,5.154340920000000,-52.652122880000000
973040127G-31,31,Rue Pierre-Louis Chaumet,97310,Kourou,OSM,5.153837780000000,-52.651985619999998
973040127G-32,32,Rue Pierre-Louis Chaumet,97310,Kourou,OSM,5.154343800000000,-52.652282980000003
973040127G-33,33,Rue Pierre-Louis Chaumet,97310,Kourou,OSM,5.154017800000000,-52.651922780000000
973040127G-3,3,Rue Pierre-Louis Chaumet,97310,Kourou,OSM,5.153831300000000,-52.650411159999997
973040127G-34,34,Rue Pierre-Louis Chaumet,97310,Kourou,OSM,5.154334320000000,-52.652451159999998
973040127G-35,35,Rue Pierre-Louis Chaumet,97310,Kourou,OSM,5.154034200000000,-52.652063079999998
973040127G-37,37,Rue Pierre-Louis Chaumet,97310,Kourou,OSM,5.153838320000000,-52.652032620000000
973040127G-39,39,Rue Pierre-Louis Chaumet,97310,Kourou,OSM,5.153865300000000,-52.652310180000001
973040127G-40,40,Rue Pierre-Louis Chaumet,97310,Kourou,OSM,5.154371160000000,-52.653111140000000
973040127G-41,41,Rue Pierre-Louis Chaumet,97310,Kourou,OSM,5.154058680000000,-52.652323819999999
973040127G-42,42,Rue Pierre-Louis Chaumet,97310,Kourou,OSM,5.154367200000000,-52.653157980000003
973040127G-43,43,Rue Pierre-Louis Chaumet,97310,Kourou,OSM,5.154129140000000,-52.652922119999999
973040127G-44,44,Rue Pierre-Louis Chaumet,97310,Kourou,OSM,5.154353760000000,-52.653346339999999
973040127G-4,4,Rue Pierre-Louis Chaumet,97310,Kourou,OSM,5.154136220000000,-52.650381979999999
973040127G-45,45,Rue Pierre-Louis Chaumet,97310,Kourou,OSM,5.154125200000000,-52.652968940000001
973040127G-46,46,Rue Pierre-Louis Chaumet,97310,Kourou,OSM,5.154349800000000,-52.653393180000002
973040127G-47,47,Rue Pierre-Louis Chaumet,97310,Kourou,OSM,5.154079460000000,-52.653150699999998
973040127G-49,49,Rue Pierre-Louis Chaumet,97310,Kourou,OSM,5.154075500000000,-52.653197519999999
973040127G-51,51,Rue Pierre-Louis Chaumet,97310,Kourou,OSM,5.154032920000000,-52.653388620000001
973040127G-53,53,Rue Pierre-Louis Chaumet,97310,Kourou,OSM,5.154028960000000,-52.653435440000003
973040127G-55,55,Rue Pierre-Louis Chaumet,97310,Kourou,OSM,5.153988460000000,-52.653613360000001
973040127G-5,5,Rue Pierre-Louis Chaumet,97310,Kourou,OSM,5.153664785710000,-52.650489028599999
973040127G-6,6,Rue Pierre-Louis Chaumet,97310,Kourou,OSM,5.154136760000000,-52.650428980000001
973040127G-7,7,Rue Pierre-Louis Chaumet,97310,Kourou,OSM,5.153676660000000,-52.650741500000002
973040127G-8,8,Rue Pierre-Louis Chaumet,97310,Kourou,OSM,5.154199800000000,-52.650625620000000
973040127G-9,9,Rue Pierre-Louis Chaumet,97310,Kourou,OSM,5.153865300000000,-52.650655680000000
973040150G-10,10,Rue Constant Chlore,97310,Kourou,OSM,5.158418260000000,-52.644675579999998
973040150G-21,21,Rue Constant Chlore,97310,Kourou,OSM,5.158534480000000,-52.644978379999998
973040150G-38,38,Rue Constant Chlore,97310,Kourou,OSM,5.157728200000000,-52.644632840000000
973040150G-39,39,Rue Constant Chlore,97310,Kourou,OSM,5.157727633330000,-52.644450988899997
973040150G-40,40,Rue Constant Chlore,97310,Kourou,OSM,5.157701755560000,-52.644273788900001
973040174H-10,10,Rue Alphonse Discolle,97310,Kourou,OSM,5.161917300000000,-52.649004300000001
973040174H-11,11,Rue Alphonse Discolle,97310,Kourou,OSM,5.161216733330000,-52.648299100000003
973040174H-1,1,Rue Alphonse Discolle,97310,Kourou,OSM,5.162063260000000,-52.648743140000001
973040174H-12,12,Rue Alphonse Discolle,97310,Kourou,OSM,5.161888200000000,-52.648976900000001
973040174H-13,13,Rue Alphonse Discolle,97310,Kourou,OSM,5.160989560000000,-52.648277059999998
973040174H-14,14,Rue Alphonse Discolle,97310,Kourou,OSM,5.161758377780000,-52.648859455599997
973040174H-15,15,Rue Alphonse Discolle,97310,Kourou,OSM,5.160650377780000,-52.648121344400003
973040174H-16,16,Rue Alphonse Discolle,97310,Kourou,OSM,5.161586000000000,-52.648743580000001
973040174H-17,17,Rue Alphonse Discolle,97310,Kourou,OSM,5.160504380000000,-52.647955379999999
973040174H-18,18,Rue Alphonse Discolle,97310,Kourou,OSM,5.161438333330000,-52.648655800000000
973040174H-19,19,Rue Alphonse Discolle,97310,Kourou,OSM,5.160570288890000,-52.647755244400003
973040174H-20,20,Rue Alphonse Discolle,97310,Kourou,OSM,5.161216455560000,-52.648603488900001
973040174H-21,21,Rue Alphonse Discolle,97310,Kourou,OSM,5.160632700000000,-52.647552519999998
973040174H-22,22,Rue Alphonse Discolle,97310,Kourou,OSM,5.161007553850000,-52.648535299999999
973040174H-2,2,Rue Alphonse Discolle,97310,Kourou,OSM,5.162033800000000,-52.649114099999998
973040174H-24,24,Rue Alphonse Discolle,97310,Kourou,OSM,5.160803577780000,-52.648538211100004
973040174H-26,26,Rue Alphonse Discolle,97310,Kourou,OSM,5.160518180000000,-52.648401960000001
973040174H-28,28,Rue Alphonse Discolle,97310,Kourou,OSM,5.160298711110000,-52.648251433299997
973040174H-30,30,Rue Alphonse Discolle,97310,Kourou,OSM,5.160183608330000,-52.648025241699997
973040174H-32,32,Rue Alphonse Discolle,97310,Kourou,OSM,5.160200720000000,-52.647791599999998
973040174H-3,3,Rue Alphonse Discolle,97310,Kourou,OSM,5.161907240000000,-52.648623680000000
973040174H-34,34,Rue Alphonse Discolle,97310,Kourou,OSM,5.160341280000000,-52.647576540000003
973040174H-36,36,Rue Alphonse Discolle,97310,Kourou,OSM,5.160421420000000,-52.647344940000004
973040174H-38,38,Rue Alphonse Discolle,97310,Kourou,OSM,5.160475620000000,-52.647294879999997
973040174H-4,4,Rue Alphonse Discolle,97310,Kourou,OSM,5.162004700000000,-52.649086699999998
973040174H-5,5,Rue Alphonse Discolle,97310,Kourou,OSM,5.161749044440000,-52.648481866700003
973040174H-6,6,Rue Alphonse Discolle,97310,Kourou,OSM,5.161975600000000,-52.649059200000004
973040174H-7,7,Rue Alphonse Discolle,97310,Kourou,OSM,5.161592200000000,-52.648379599999998
973040174H-8,8,Rue Alphonse Discolle,97310,Kourou,OSM,5.161946500000000,-52.649031800000003
973040174H-9,9,Rue Alphonse Discolle,97310,Kourou,OSM,5.161392271430000,-52.648384428599996
973040175J-40,40,Rue du Docteur Barrat,97310,Kourou,OSM,5.156344480000000,-52.639522059999997
973040175J-41,41,Rue du Docteur Barrat,97310,Kourou,OSM,5.155799280000000,-52.639154759999997
973040175J-50,50,Rue du Docteur Barrat,97310,Kourou,OSM,5.155530760000000,-52.639028879999998
973040183T-11,11,Rue du Docteur Schweitzer,97310,Kourou,OSM,5.157246120000000,-52.654806739999998
973040183T-12,12,Rue du Docteur Schweitzer,97310,Kourou,OSM,5.157345900000000,-52.654354619999999
973040183T-19,19,Rue du Docteur Schweitzer,97310,Kourou,OSM,5.157219377780000,-52.655109133300002
973040199K-1,1,Rue Thomas Edison,97310,Kourou,OSM,5.157671233330000,-52.653997244400003
973040199K-18,18,Rue Thomas Edison,97310,Kourou,OSM,5.157012055560000,-52.653916933300003
973040199K-20,20,Rue Thomas Edison,97310,Kourou,OSM,5.156970720000000,-52.654248580000001
973040199K-22,22,Rue Thomas Edison,97310,Kourou,OSM,5.158106228570000,-52.654388171400001
973040199K-23,23,Rue Thomas Edison,97310,Kourou,OSM,5.158295384620000,-52.654422692300002
973040199K-24,24,Rue Thomas Edison,97310,Kourou,OSM,5.158642320000000,-52.654451780000002
973040199K-3,3,Rue Thomas Edison,97310,Kourou,OSM,5.157730255560000,-52.653998866700000
973040199K-37,37,Rue Thomas Edison,97310,Kourou,OSM,5.156760207690000,-52.653902607699997
973040199K-39,39,Rue Thomas Edison,97310,Kourou,OSM,5.156584900000000,-52.653862160000003
973040199K-41,41,Rue Thomas Edison,97310,Kourou,OSM,5.156261050000000,-52.653874750000000
973040199K-43,43,Rue Thomas Edison,97310,Kourou,OSM,5.156182000000000,-52.653843000000002
973040199K-45,45,Rue Thomas Edison,97310,Kourou,OSM,5.156066828570000,-52.653855414299997
973040199K-47,47,Rue Thomas Edison,97310,Kourou,OSM,5.156003428570000,-52.653837342899998
973040199K-49,49,Rue Thomas Edison,97310,Kourou,OSM,5.155903366670000,-52.653828650000001
973040199K-51,51,Rue Thomas Edison,97310,Kourou,OSM,5.155824033330000,-52.653797366699997
973040199K-53,53,Rue Thomas Edison,97310,Kourou,OSM,5.155626485710000,-52.653793742900000
973040199K-55,55,Rue Thomas Edison,97310,Kourou,OSM,5.155567171430000,-52.653773157099998
973040199K-5,5,Rue Thomas Edison,97310,Kourou,OSM,5.157901633330000,-52.654021311100003
973040199K-7,7,Rue Thomas Edison,97310,Kourou,OSM,5.157960644440000,-52.654022944399998
973040200L-51,51,Rue Edjide Duchesne,97310,Kourou,OSM,5.154469100000000,-52.644759399999998
973040200L-65,65,Rue Edjide Duchesne,97310,Kourou,OSM,5.156598150000000,-52.644284366699999
973040201M-2,2,Rue Gustave Eiffel,97310,Kourou,OSM,5.161248700000000,-52.667570900000001
973040201M-51,51,Rue Gustave Eiffel,97310,Kourou,OSM,5.158945900000000,-52.667167399999997
973040215C-100,100,Allée des Étoiles,97310,Kourou,OSM,5.162190700000000,-52.641708100000002
973040215C-53,53,Allée des Étoiles,97310,Kourou,OSM,5.161809100000000,-52.641892499999997
973040215C-54,54,Allée des Étoiles,97310,Kourou,OSM,5.161771100000000,-52.641930700000003
973040215C-55,55,Allée des Étoiles,97310,Kourou,OSM,5.161733200000000,-52.641968900000002
973040215C-56,56,Allée des Étoiles,97310,Kourou,OSM,5.161695200000000,-52.642007100000001
973040215C-57,57,Allée des Étoiles,97310,Kourou,OSM,5.161647800000000,-52.642098900000001
973040215C-58,58,Allée des Étoiles,97310,Kourou,OSM,5.161609900000000,-52.642136600000001
973040215C-59,59,Allée des Étoiles,97310,Kourou,OSM,5.161572000000000,-52.642174199999999
973040215C-60,60,Allée des Étoiles,97310,Kourou,OSM,5.161534100000000,-52.642211900000000
973040215C-61,61,Allée des Étoiles,97310,Kourou,OSM,5.161496200000000,-52.642249600000000
973040215C-62,62,Allée des Étoiles,97310,Kourou,OSM,5.161458300000000,-52.642287300000000
973040215C-63,63,Allée des Étoiles,97310,Kourou,OSM,5.161420400000000,-52.642324899999998
973040248N-10,10,Rue du Mont Galbao,97310,Kourou,OSM,5.176847940000000,-52.653436560000003
973040248N-11,11,Rue du Mont Galbao,97310,Kourou,OSM,5.176482120000000,-52.653742760000000
973040248N-1,1,Rue du Mont Galbao,97310,Kourou,OSM,5.175992780000000,-52.653336299999999
973040248N-12,12,Rue du Mont Galbao,97310,Kourou,OSM,5.176983240000000,-52.653403140000002
973040248N-13,13,Rue du Mont Galbao,97310,Kourou,OSM,5.176651928570000,-52.653802485699998
973040248N-14,14,Rue du Mont Galbao,97310,Kourou,OSM,5.177116680000000,-52.653386419999997
973040248N-15,15,Rue du Mont Galbao,97310,Kourou,OSM,5.176788840000000,-52.653852160000000
973040248N-16,16,Rue du Mont Galbao,97310,Kourou,OSM,5.177306320000000,-52.653376080000001
973040248N-17,17,Rue du Mont Galbao,97310,Kourou,OSM,5.176926100000000,-52.653860600000002
973040248N-18,18,Rue du Mont Galbao,97310,Kourou,OSM,5.177429040000000,-52.653376420000001
973040248N-19,19,Rue du Mont Galbao,97310,Kourou,OSM,5.177069014290000,-52.653827300000003
973040248N-20,20,Rue du Mont Galbao,97310,Kourou,OSM,5.177571360000000,-52.653357860000000
973040248N-21,21,Rue du Mont Galbao,97310,Kourou,OSM,5.177203785710000,-52.653832628600000
973040248N-22,22,Rue du Mont Galbao,97310,Kourou,OSM,5.177715060000000,-52.653314840000000
973040248N-2,2,Rue du Mont Galbao,97310,Kourou,OSM,5.176302520000000,-52.653201680000002
973040248N-3,3,Rue du Mont Galbao,97310,Kourou,OSM,5.176132900000000,-52.653474320000001
973040248N-4,4,Rue du Mont Galbao,97310,Kourou,OSM,5.176541120000000,-52.653402819999997
973040248N-5,5,Rue du Mont Galbao,97310,Kourou,OSM,5.176254000000000,-52.653541240000003
973040248N-7,7,Rue du Mont Galbao,97310,Kourou,OSM,5.176362560000000,-52.653655980000003
973040248N-8,8,Rue du Mont Galbao,97310,Kourou,OSM,5.176701920000000,-52.653433260000000
973040280Y-68,68,Avenue du Général de Gaulle,97310,Kourou,OSM,5.157075260000000,-52.642793380000001
973040289H-1,1,Rue Zénobe Gramme,97310,Kourou,OSM,5.156715500000000,-52.667708599999997
973040289H-3,3,Rue Zénobe Gramme,97310,Kourou,OSM,5.156706000000000,-52.667901100000002
973040289H-5,5,Rue Zénobe Gramme,97310,Kourou,OSM,5.156691800000000,-52.668117400000000
973040289H-7,7,Rue Zénobe Gramme,97310,Kourou,OSM,5.156681380000000,-52.668704419999997
973040298T-4,4,Rue Johannes Gutenberg,97310,Kourou,OSM,5.156898740000000,-52.654935119999998
973040298T-6,6,Rue Johannes Gutenberg,97310,Kourou,OSM,5.156675620000000,-52.654917320000003
973040320S-1,1,Rue René Jadfard,97310,Kourou,OSM,5.161771960000000,-52.643059180000002
973040320S-3,3,Rue René Jadfard,97310,Kourou,OSM,5.161878920000000,-52.642933440000000
973040320S-5,5,Rue René Jadfard,97310,Kourou,OSM,5.162017622220000,-52.642794533299998
973040320S-74,74,Rue René Jadfard,97310,Kourou,OSM,5.161361420000000,-52.642942580000003
973040320S-75,75,Rue René Jadfard,97310,Kourou,OSM,5.161404660000000,-52.642921119999997
973040350Z-11,11,Rue Justin Catayée,97310,Kourou,OSM,5.158833453850000,-52.643892507700002
973040350Z-1,1,Rue Justin Catayée,97310,Kourou,OSM,5.157982800000000,-52.643642328600002
973040350Z-15,15,Rue Justin Catayée,97310,Kourou,OSM,5.159066855560000,-52.644196366700001
973040350Z-17,17,Rue Justin Catayée,97310,Kourou,OSM,5.159203900000000,-52.644359979999997
973040350Z-19,19,Rue Justin Catayée,97310,Kourou,OSM,5.159502555560000,-52.644605266699998
973040350Z-21,21,Rue Justin Catayée,97310,Kourou,OSM,5.159648200000000,-52.644716372700003
973040350Z-23,23,Rue Justin Catayée,97310,Kourou,OSM,5.159784620000000,-52.644866780000001
973040350Z-25,25,Rue Justin Catayée,97310,Kourou,OSM,5.159904620000000,-52.645027980000002
973040350Z-27,27,Rue Justin Catayée,97310,Kourou,OSM,5.160025200000000,-52.645181500000000
973040350Z-31,31,Rue Justin Catayée,97310,Kourou,OSM,5.160262300000000,-52.645469376900003
973040350Z-3,3,Rue Justin Catayée,97310,Kourou,OSM,5.158230080000000,-52.643660040000000
973040350Z-5,5,Rue Justin Catayée,97310,Kourou,OSM,5.158426640000000,-52.643611839999998
973040350Z-7,7,Rue Justin Catayée,97310,Kourou,OSM,5.158564022220000,-52.643691188900000
973040350Z-9,9,Rue Justin Catayée,97310,Kourou,OSM,5.158695860000000,-52.643812560000001
973040365R-15,15,Avenue des Deux Lacs,97310,Kourou,OSM,5.164398600000000,-52.651803299999997
973040365R-17,17,Avenue des Deux Lacs,97310,Kourou,OSM,5.164565900000000,-52.651796900000001
973040365R-19,19,Avenue des Deux Lacs,97310,Kourou,OSM,5.164685500000000,-52.651798900000003
973040390T-3,3,Chemin Leroy,97310,Kourou,OSM,5.164255300000000,-52.643198499999997
973040390T-5,5,Chemin Leroy,97310,Kourou,OSM,5.164178600000000,-52.643118299999998
973040390T-64,64,Chemin Leroy,97310,Kourou,OSM,5.164168560000000,-52.643465980000002
973040390T-65,65,Chemin Leroy,97310,Kourou,OSM,5.164074500000000,-52.643384560000001
973040390T-7,7,Chemin Leroy,97310,Kourou,OSM,5.164101800000000,-52.643037999999997
973040390T-9,9,Chemin Leroy,97310,Kourou,OSM,5.164025000000000,-52.642957699999997
973040392V-2,2,Rue du Levant,97310,Kourou,OSM,5.156806460000000,-52.641126860000000
973040392V-3,3,Rue du Levant,97310,Kourou,OSM,5.157314940000000,-52.641105940000003
973040392V-35,35,Rue du Levant,97310,Kourou,OSM,5.155832180000000,-52.639860120000002
973040392V-43,43,Rue du Levant,97310,Kourou,OSM,5.155304080000000,-52.639311319999997
973040392V-4,4,Rue du Levant,97310,Kourou,OSM,5.156890480000000,-52.640675459999997
973040392V-45,45,Rue du Levant,97310,Kourou,OSM,5.155033140000000,-52.639083419999999
973040392V-47,47,Rue du Levant,97310,Kourou,OSM,5.154962320000000,-52.638976100000001
973040392V-49,49,Rue du Levant,97310,Kourou,OSM,5.154838040000000,-52.638817660000001
973040392V-51,51,Rue du Levant,97310,Kourou,OSM,5.154754340000000,-52.638733139999999
973040392V-53,53,Rue du Levant,97310,Kourou,OSM,5.154652240000000,-52.638688440000003
973040392V-5,5,Rue du Levant,97310,Kourou,OSM,5.156756140000000,-52.640551700000003
973040427H-10,10,Rue François Martin,97310,Kourou,OSM,5.178257800000000,-52.653919533299998
973040427H-11,11,Rue François Martin,97310,Kourou,OSM,5.177829920000000,-52.652519900000001
973040427H-12,12,Rue François Martin,97310,Kourou,OSM,5.178142016670000,-52.654130766700000
973040427H-13,13,Rue François Martin,97310,Kourou,OSM,5.177843500000000,-52.652645900000003
973040427H-14,14,Rue François Martin,97310,Kourou,OSM,5.178077733330000,-52.654227416700003
973040427H-19,19,Rue François Martin,97310,Kourou,OSM,5.177918360000000,-52.653224199999997
973040427H-21,21,Rue François Martin,97310,Kourou,OSM,5.177924120000000,-52.653346720000002
973040427H-8,8,Rue François Martin,97310,Kourou,OSM,5.178305783330000,-52.653813749999998
973040440X-10,10,Rue du Maroni,97310,Kourou,OSM,5.156127540000000,-52.639766920000000
973040440X-12,12,Rue du Maroni,97310,Kourou,OSM,5.156197080000000,-52.639704299999998
973040440X-14,14,Rue du Maroni,97310,Kourou,OSM,5.156265520000000,-52.639620080000000
973040440X-2,2,Rue du Maroni,97310,Kourou,OSM,5.155936920000000,-52.639948220000001
973040440X-27,27,Rue du Maroni,97310,Kourou,OSM,5.156561380000000,-52.639354519999998
973040440X-4,4,Rue du Maroni,97310,Kourou,OSM,5.156043900000000,-52.639860100000000
973040445C-2,2,Place Maryse Bastié,97310,Kourou,OSM,5.154808180000000,-52.642628979999998
973040463X-11,11,Avenue Alfred Nobel,97310,Kourou,OSM,5.163694400000000,-52.651861799999999
973040463X-1,1,Avenue Alfred Nobel,97310,Kourou,OSM,5.163005200000000,-52.651634799999997
973040463X-13,13,Avenue Alfred Nobel,97310,Kourou,OSM,5.163808300000000,-52.651712799999999
973040463X-3,3,Avenue Alfred Nobel,97310,Kourou,OSM,5.163057900000000,-52.651797700000003
973040463X-5,5,Avenue Alfred Nobel,97310,Kourou,OSM,5.163221500000000,-52.651817200000004
973040463X-7,7,Avenue Alfred Nobel,97310,Kourou,OSM,5.163530800000000,-52.651846499999998
973040546M-10,10,Avenue Rosilvine,97310,Kourou,OSM,5.176306340000000,-52.652108040000002
973040546M-12,12,Avenue Rosilvine,97310,Kourou,OSM,5.176204320000000,-52.652235359999999
973040546M-14,14,Avenue Rosilvine,97310,Kourou,OSM,5.176071560000000,-52.652299960000001
973040546M-16,16,Avenue Rosilvine,97310,Kourou,OSM,5.175994360000000,-52.652403880000001
973040546M-18,18,Avenue Rosilvine,97310,Kourou,OSM,5.175895980000000,-52.652521900000004
973040546M-20,20,Avenue Rosilvine,97310,Kourou,OSM,5.175798380000000,-52.652608020000002
973040546M-22,22,Avenue Rosilvine,97310,Kourou,OSM,5.175660180000000,-52.652694840000002
973040546M-8,8,Avenue Rosilvine,97310,Kourou,OSM,5.176384700000000,-52.652026399999997
973040591L-10,10,Rue de la Montagne du Serpent,97310,Kourou,OSM,5.178410460000000,-52.654680399999997
973040591L-11,11,Rue de la Montagne du Serpent,97310,Kourou,OSM,5.178780600000000,-52.654941479999998
973040591L-1,1,Rue de la Montagne du Serpent,97310,Kourou,OSM,5.178185528570000,-52.655151557099998
973040591L-12,12,Rue de la Montagne du Serpent,97310,Kourou,OSM,5.178401700000000,-52.654528560000003
973040591L-13,13,Rue de la Montagne du Serpent,97310,Kourou,OSM,5.178776060000000,-52.654814920000000
973040591L-14,14,Rue de la Montagne du Serpent,97310,Kourou,OSM,5.178240822220000,-52.654542811100001
973040591L-15,15,Rue de la Montagne du Serpent,97310,Kourou,OSM,5.178741757140000,-52.654631314299998
973040591L-16,16,Rue de la Montagne du Serpent,97310,Kourou,OSM,5.178091385710000,-52.654592200000003
973040591L-17,17,Rue de la Montagne du Serpent,97310,Kourou,OSM,5.178734960000000,-52.654424599999999
973040591L-19,19,Rue de la Montagne du Serpent,97310,Kourou,OSM,5.178691540000000,-52.654254840000000
973040591L-21,21,Rue de la Montagne du Serpent,97310,Kourou,OSM,5.178680500000000,-52.654117540000001
973040591L-2,2,Rue de la Montagne du Serpent,97310,Kourou,OSM,5.178018433330000,-52.655005244400002
973040591L-23,23,Rue de la Montagne du Serpent,97310,Kourou,OSM,5.178628360000000,-52.653937180000000
973040591L-25,25,Rue de la Montagne du Serpent,97310,Kourou,OSM,5.178490380000000,-52.653894020000003
973040591L-27,27,Rue de la Montagne du Serpent,97310,Kourou,OSM,5.178399260000000,-52.654151079999998
973040591L-29,29,Rue de la Montagne du Serpent,97310,Kourou,OSM,5.178332480000000,-52.654287359999998
973040591L-3,3,Rue de la Montagne du Serpent,97310,Kourou,OSM,5.178431400000000,-52.655175540000002
973040591L-4,4,Rue de la Montagne du Serpent,97310,Kourou,OSM,5.178108820000000,-52.654799699999998
973040591L-5,5,Rue de la Montagne du Serpent,97310,Kourou,OSM,5.178577640000000,-52.655162160000003
973040591L-6,6,Rue de la Montagne du Serpent,97310,Kourou,OSM,5.178251240000000,-52.654832579999997
973040591L-7,7,Rue de la Montagne du Serpent,97310,Kourou,OSM,5.178756828570000,-52.655165500000003
973040591L-8,8,Rue de la Montagne du Serpent,97310,Kourou,OSM,5.178407700000000,-52.654809299999997
973040593N-10,10,Rue du Mont Siminirit,97310,Kourou,OSM,5.178660480000000,-52.652983519999999
973040593N-1,1,Rue du Mont Siminirit,97310,Kourou,OSM,5.178420240000000,-52.653066840000001
973040593N-2,2,Rue du Mont Siminirit,97310,Kourou,OSM,5.178387442860000,-52.652683742900003
973040593N-3,3,Rue du Mont Siminirit,97310,Kourou,OSM,5.178419630770000,-52.653284407699999
973040593N-4,4,Rue du Mont Siminirit,97310,Kourou,OSM,5.178286460000000,-52.652461619999997
973040593N-5,5,Rue du Mont Siminirit,97310,Kourou,OSM,5.178356442860000,-52.653606914299999
973040593N-7,7,Rue du Mont Siminirit,97310,Kourou,OSM,5.178631600000000,-52.653699660000001
973040593N-8,8,Rue du Mont Siminirit,97310,Kourou,OSM,5.178627080000000,-52.652666600000003
973040593N-9,9,Rue du Mont Siminirit,97310,Kourou,OSM,5.178685055560000,-52.653230844399999
973040600W-1,1,Rue du Surinam,97310,Kourou,OSM,5.156152960000000,-52.642141000000002
973040600W-2,2,Rue du Surinam,97310,Kourou,OSM,5.156146920000000,-52.642069260000000
973040600W-3,3,Rue du Surinam,97310,Kourou,OSM,5.156049600000000,-52.641767379999997
973040600W-4,4,Rue du Surinam,97310,Kourou,OSM,5.156734728570000,-52.641455285699998
973040600W-5,5,Rue du Surinam,97310,Kourou,OSM,5.156838580000000,-52.641549920000003
973040600W-6,6,Rue du Surinam,97310,Kourou,OSM,5.156535300000000,-52.641567128600002
973040600W-7,7,Rue du Surinam,97310,Kourou,OSM,5.156463085710000,-52.641567214299997
973040600W-8,8,Rue du Surinam,97310,Kourou,OSM,5.156447477780000,-52.641217944399997
973040611H-10,10,Rue Tatou,97310,Kourou,OSM,5.156765260000000,-52.640129340000001
973040611H-11,11,Rue Tatou,97310,Kourou,OSM,5.156665500000000,-52.640244359999997
973040611H-12,12,Rue Tatou,97310,Kourou,OSM,5.156579340000000,-52.640375059999997
973040611H-6,6,Rue Tatou,97310,Kourou,OSM,5.156873580000000,-52.640446400000002
973040611H-7,7,Rue Tatou,97310,Kourou,OSM,5.156970220000000,-52.640338059999998
973040611H-8,8,Rue Tatou,97310,Kourou,OSM,5.157049980000000,-52.640242319999999
973040611H-9,9,Rue Tatou,97310,Kourou,OSM,5.156896760000000,-52.640094320000003
973040624X-10,10,Rue François Thomas,97310,Kourou,OSM,5.176095220000000,-52.653756540000003
973040624X-12,12,Rue François Thomas,97310,Kourou,OSM,5.176207160000000,-52.653829399999999
973040624X-14,14,Rue François Thomas,97310,Kourou,OSM,5.176315720000000,-52.653910500000002
973040624X-16,16,Rue François Thomas,97310,Kourou,OSM,5.176432940000000,-52.654013319999997
973040624X-18,18,Rue François Thomas,97310,Kourou,OSM,5.176535380000000,-52.654086579999998
973040624X-20,20,Rue François Thomas,97310,Kourou,OSM,5.176714740000000,-52.654056420000003
973040624X-6,6,Rue François Thomas,97310,Kourou,OSM,5.175808420000000,-52.653593620000002
973040624X-8,8,Rue François Thomas,97310,Kourou,OSM,5.175997140000000,-52.653682940000003
973040625Y-15,15,Rue Thomas Guidiglo,97310,Kourou,OSM,5.156615700000000,-52.646782700000003
973040625Y-17,17,Rue Thomas Guidiglo,97310,Kourou,OSM,5.156565600000000,-52.646867100000001
973040625Y-19,19,Rue Thomas Guidiglo,97310,Kourou,OSM,5.156515600000000,-52.646951500000000
973040625Y-21,21,Rue Thomas Guidiglo,97310,Kourou,OSM,5.156465600000000,-52.647035899999999
973040625Y-23,23,Rue Thomas Guidiglo,97310,Kourou,OSM,5.156415500000000,-52.647120299999997
973040625Y-25,25,Rue Thomas Guidiglo,97310,Kourou,OSM,5.156365500000000,-52.647204700000003
973040628B-10,10,Rue de la Montagne Tortue,97310,Kourou,OSM,5.177306620000000,-52.654168179999999
973040628B-12,12,Rue de la Montagne Tortue,97310,Kourou,OSM,5.177434180000000,-52.654066759999999
973040628B-14,14,Rue de la Montagne Tortue,97310,Kourou,OSM,5.177419960000000,-52.653842820000001
973040628B-16,16,Rue de la Montagne Tortue,97310,Kourou,OSM,5.177583860000000,-52.653869919999998
973040628B-18,18,Rue de la Montagne Tortue,97310,Kourou,OSM,5.177741620000000,-52.653866540000003
973040628B-2,2,Rue de la Montagne Tortue,97310,Kourou,OSM,5.176760840000000,-52.654230779999999
973040628B-4,4,Rue de la Montagne Tortue,97310,Kourou,OSM,5.176839280000000,-52.654134139999996
973040628B-6,6,Rue de la Montagne Tortue,97310,Kourou,OSM,5.176986100000000,-52.654221059999998
973040628B-8,8,Rue de la Montagne Tortue,97310,Kourou,OSM,5.177172600000000,-52.654269380000002
973040631E-10,10,Rue des Monts Tumuc-Humac,97310,Kourou,OSM,5.176806780000000,-52.652880539999998
973040631E-11,11,Rue des Monts Tumuc-Humac,97310,Kourou,OSM,5.177104500000000,-52.653130720000000
973040631E-1,1,Rue des Monts Tumuc-Humac,97310,Kourou,OSM,5.176437280000000,-52.653221320000000
973040631E-12,12,Rue des Monts Tumuc-Humac,97310,Kourou,OSM,5.176962600000000,-52.652878979999997
973040631E-13,13,Rue des Monts Tumuc-Humac,97310,Kourou,OSM,5.177276071430000,-52.653108414300000
973040631E-14,14,Rue des Monts Tumuc-Humac,97310,Kourou,OSM,5.177090160000000,-52.652866920000001
973040631E-15,15,Rue des Monts Tumuc-Humac,97310,Kourou,OSM,5.177408320000000,-52.653115139999997
973040631E-16,16,Rue des Monts Tumuc-Humac,97310,Kourou,OSM,5.177273640000000,-52.652848540000001
973040631E-17,17,Rue des Monts Tumuc-Humac,97310,Kourou,OSM,5.177564360000000,-52.653110259999998
973040631E-18,18,Rue des Monts Tumuc-Humac,97310,Kourou,OSM,5.177387600000000,-52.652803919999997
973040631E-19,19,Rue des Monts Tumuc-Humac,97310,Kourou,OSM,5.177685600000000,-52.653110280000000
973040631E-20,20,Rue des Monts Tumuc-Humac,97310,Kourou,OSM,5.177518860000000,-52.652783980000002
973040631E-21,21,Rue des Monts Tumuc-Humac,97310,Kourou,OSM,5.177777200000000,-52.653087180000000
973040631E-22,22,Rue des Monts Tumuc-Humac,97310,Kourou,OSM,5.177686640000000,-52.652791299999997
973040631E-2,2,Rue des Monts Tumuc-Humac,97310,Kourou,OSM,5.176263200000000,-52.652910480000003
973040631E-23,23,Rue des Monts Tumuc-Humac,97310,Kourou,OSM,5.177858260000000,-52.653072479999999
973040631E-24,24,Rue des Monts Tumuc-Humac,97310,Kourou,OSM,5.177833000000000,-52.652793400000000
973040631E-3,3,Rue des Monts Tumuc-Humac,97310,Kourou,OSM,5.176540780000000,-52.653202020000002
973040631E-4,4,Rue des Monts Tumuc-Humac,97310,Kourou,OSM,5.176402460000000,-52.652886580000001
973040631E-5,5,Rue des Monts Tumuc-Humac,97310,Kourou,OSM,5.176716700000000,-52.653170060000001
973040631E-6,6,Rue des Monts Tumuc-Humac,97310,Kourou,OSM,5.176529260000000,-52.652885280000000
973040631E-7,7,Rue des Monts Tumuc-Humac,97310,Kourou,OSM,5.176828000000000,-52.653167119999999
973040631E-8,8,Rue des Monts Tumuc-Humac,97310,Kourou,OSM,5.176677380000000,-52.652881880000002
973040631E-9,9,Rue des Monts Tumuc-Humac,97310,Kourou,OSM,5.176991780000000,-52.653157440000001
973040645V-2,2,Av Victor Hugo,97310,Kourou,OSM,5.158443500000000,-52.642125200000002
973040665S-10,10,Avenue du Lac,97310,Kourou,OSM,5.158805620000000,-52.644217859999998
973040665S-11,11,Avenue du Lac,97310,Kourou,OSM,5.159434900000000,-52.645547244399999
973040665S-1,1,Avenue du Lac,97310,Kourou,OSM,5.158057180000000,-52.644290560000002
973040665S-12,12,Avenue du Lac,97310,Kourou,OSM,5.158851266670000,-52.644388844399998
973040665S-13,13,Avenue du Lac,97310,Kourou,OSM,5.159647988890000,-52.645663144399997
973040665S-14,14,Avenue du Lac,97310,Kourou,OSM,5.159002552940000,-52.644492358800001
973040665S-15,15,Avenue du Lac,97310,Kourou,OSM,5.159908500000000,-52.645770044400003
973040665S-16,16,Avenue du Lac,97310,Kourou,OSM,5.159311180000000,-52.644763359999999
973040665S-17,17,Avenue du Lac,97310,Kourou,OSM,5.160072146150000,-52.645927738499999
973040665S-18,18,Avenue du Lac,97310,Kourou,OSM,5.159437720000000,-52.644904940000004
973040665S-20,20,Avenue du Lac,97310,Kourou,OSM,5.159580760000000,-52.645068700000003
973040665S-22,22,Avenue du Lac,97310,Kourou,OSM,5.159727600000000,-52.645197979999999
973040665S-2,2,Avenue du Lac,97310,Kourou,OSM,5.158025914290000,-52.643987571399997
973040665S-24,24,Avenue du Lac,97310,Kourou,OSM,5.159875040000000,-52.645335019999997
973040665S-26,26,Avenue du Lac,97310,Kourou,OSM,5.160010360000000,-52.645461560000001
973040665S-28,28,Avenue du Lac,97310,Kourou,OSM,5.160119400000000,-52.645590859999999
973040665S-3,3,Avenue du Lac,97310,Kourou,OSM,5.158430933330000,-52.644413522199997
973040665S-4,4,Avenue du Lac,97310,Kourou,OSM,5.158266280000000,-52.643993620000003
973040665S-5,5,Avenue du Lac,97310,Kourou,OSM,5.158785400000000,-52.644766939999997
973040665S-6,6,Avenue du Lac,97310,Kourou,OSM,5.158487566670000,-52.644013233300001
973040665S-7,7,Avenue du Lac,97310,Kourou,OSM,5.159192022220000,-52.645062777800000
973040665S-8,8,Avenue du Lac,97310,Kourou,OSM,5.158627340000000,-52.644119799999999
973040665S-9,9,Avenue du Lac,97310,Kourou,OSM,5.159322680000000,-52.645350399999998
973040668V-11,11,Rue des Frères Lumière,97310,Kourou,OSM,5.156370440000000,-52.655828380000003
973040668V-1,1,Rue des Frères Lumière,97310,Kourou,OSM,5.156683700000000,-52.655440919999997
973040668V-13,13,Rue des Frères Lumière,97310,Kourou,OSM,5.156323840000000,-52.655812120000000
973040668V-15,15,Rue des Frères Lumière,97310,Kourou,OSM,5.156137840000000,-52.655842000000000
973040668V-17,17,Rue des Frères Lumière,97310,Kourou,OSM,5.156111960000000,-52.655799819999999
973040668V-19,19,Rue des Frères Lumière,97310,Kourou,OSM,5.156085900000000,-52.655645880000002
973040668V-20,20,Rue des Frères Lumière,97310,Kourou,OSM,5.156468420000000,-52.654585120000000
973040668V-21,21,Rue des Frères Lumière,97310,Kourou,OSM,5.156081840000000,-52.655596500000001
973040668V-22,22,Rue des Frères Lumière,97310,Kourou,OSM,5.156471780000000,-52.654361320000000
973040668V-23,23,Rue des Frères Lumière,97310,Kourou,OSM,5.156074080000000,-52.655427920000001
973040668V-24,24,Rue des Frères Lumière,97310,Kourou,OSM,5.156500020000000,-52.654193339999999
973040668V-25,25,Rue des Frères Lumière,97310,Kourou,OSM,5.156092320000000,-52.655381880000000
973040668V-27,27,Rue des Frères Lumière,97310,Kourou,OSM,5.156131780000000,-52.655248239999999
973040668V-29,29,Rue des Frères Lumière,97310,Kourou,OSM,5.156105440000000,-52.655120040000000
973040668V-31,31,Rue des Frères Lumière,97310,Kourou,OSM,5.156125200000000,-52.655074659999997
973040668V-33,33,Rue des Frères Lumière,97310,Kourou,OSM,5.156128160000000,-52.654882499999999
973040668V-3,3,Rue des Frères Lumière,97310,Kourou,OSM,5.156664560000000,-52.655486580000002
973040668V-35,35,Rue des Frères Lumière,97310,Kourou,OSM,5.156144880000000,-52.654835880000000
973040668V-37,37,Rue des Frères Lumière,97310,Kourou,OSM,5.156126820000000,-52.654640999999998
973040668V-39,39,Rue des Frères Lumière,97310,Kourou,OSM,5.156143560000000,-52.654594400000001
973040668V-41,41,Rue des Frères Lumière,97310,Kourou,OSM,5.156182500000000,-52.654417100000003
973040668V-43,43,Rue des Frères Lumière,97310,Kourou,OSM,5.156192500000000,-52.654156380000003
973040668V-5,5,Rue des Frères Lumière,97310,Kourou,OSM,5.156637420000000,-52.655644940000002
973040668V-7,7,Rue des Frères Lumière,97310,Kourou,OSM,5.156601060000000,-52.655678420000001
973040668V-9,9,Rue des Frères Lumière,97310,Kourou,OSM,5.156509560000000,-52.655770420000003
973040672Z-4,4,Rue Léon Stanislas,97310,Kourou,OSM,5.175313500000000,-52.652114300000001
973040675C-1,1,Avenue Léopold Sédar Senghor,97310,Kourou,OSM,5.164827700000000,-52.651941600000001
973040675C-3,3,Avenue Léopold Sédar Senghor,97310,Kourou,OSM,5.164814000000000,-52.652216299999999
973040675C-5,5,Avenue Léopold Sédar Senghor,97310,Kourou,OSM,5.164802200000000,-52.652502900000002
973040678F-2,2,Rue des Sapotilles,97310,Kourou,OSM,5.155524660000000,-52.639488440000001
973040678F-4,4,Rue des Sapotilles,97310,Kourou,OSM,5.155597320000000,-52.639365939999998
973040678F-6,6,Rue des Sapotilles,97310,Kourou,OSM,5.155693720000000,-52.639261259999998
973040683L-1,1,Allée Bruno Apouyou,97310,Kourou,OSM,5.155604040000000,-52.639633560000000
973040683L-3,3,Allée Bruno Apouyou,97310,Kourou,OSM,5.155795640000000,-52.639484140000000
973040683L-5,5,Allée Bruno Apouyou,97310,Kourou,OSM,5.155857740000000,-52.639373620000001
973040683L-8,8,Allée Bruno Apouyou,97310,Kourou,OSM,5.156023700000000,-52.639662999999999
973040699D-10,10,Rue Alexander Fleming,97310,Kourou,OSM,5.155667080000000,-52.654448520000003
973040699D-11,11,Rue Alexander Fleming,97310,Kourou,OSM,5.155923280000000,-52.654818020000000
973040699D-1,1,Rue Alexander Fleming,97310,Kourou,OSM,5.155994060000000,-52.654133240000000
973040699D-12,12,Rue Alexander Fleming,97310,Kourou,OSM,5.155664300000000,-52.654583879999997
973040699D-13,13,Rue Alexander Fleming,97310,Kourou,OSM,5.155861140000000,-52.654944360000002
973040699D-14,14,Rue Alexander Fleming,97310,Kourou,OSM,5.155472580000000,-52.654608799999998
973040699D-15,15,Rue Alexander Fleming,97310,Kourou,OSM,5.155873440000000,-52.655075600000004
973040699D-16,16,Rue Alexander Fleming,97310,Kourou,OSM,5.155469880000000,-52.654752320000000
973040699D-17,17,Rue Alexander Fleming,97310,Kourou,OSM,5.155867940000000,-52.655220559999997
973040699D-18,18,Rue Alexander Fleming,97310,Kourou,OSM,5.155641440000000,-52.654822780000003
973040699D-19,19,Rue Alexander Fleming,97310,Kourou,OSM,5.155835300000000,-52.655362760000003
973040699D-20,20,Rue Alexander Fleming,97310,Kourou,OSM,5.155638720000000,-52.654966299999998
973040699D-21,21,Rue Alexander Fleming,97310,Kourou,OSM,5.155832240000000,-52.655496100000001
973040699D-22,22,Rue Alexander Fleming,97310,Kourou,OSM,5.155427400000000,-52.654992720000003
973040699D-2,2,Rue Alexander Fleming,97310,Kourou,OSM,5.155702480000000,-52.654102600000002
973040699D-23,23,Rue Alexander Fleming,97310,Kourou,OSM,5.155826000000000,-52.655642960000002
973040699D-24,24,Rue Alexander Fleming,97310,Kourou,OSM,5.155419200000000,-52.655144499999999
973040699D-25,25,Rue Alexander Fleming,97310,Kourou,OSM,5.155811240000000,-52.655768559999999
973040699D-26,26,Rue Alexander Fleming,97310,Kourou,OSM,5.155582600000000,-52.655193699999998
973040699D-27,27,Rue Alexander Fleming,97310,Kourou,OSM,5.155824040000000,-52.655908359999998
973040699D-28,28,Rue Alexander Fleming,97310,Kourou,OSM,5.155582600000000,-52.655322220000002
973040699D-29,29,Rue Alexander Fleming,97310,Kourou,OSM,5.155787620000000,-52.656054380000000
973040699D-30,30,Rue Alexander Fleming,97310,Kourou,OSM,5.155396740000000,-52.655357559999999
973040699D-31,31,Rue Alexander Fleming,97310,Kourou,OSM,5.155610620000000,-52.656129800000002
973040699D-32,32,Rue Alexander Fleming,97310,Kourou,OSM,5.155395400000000,-52.655479260000000
973040699D-33,33,Rue Alexander Fleming,97310,Kourou,OSM,5.155469840000000,-52.656142920000001
973040699D-3,3,Rue Alexander Fleming,97310,Kourou,OSM,5.155939960000000,-52.654258360000000
973040699D-34,34,Rue Alexander Fleming,97310,Kourou,OSM,5.155559040000000,-52.655562779999997
973040699D-35,35,Rue Alexander Fleming,97310,Kourou,OSM,5.155325420000000,-52.656125899999999
973040699D-36,36,Rue Alexander Fleming,97310,Kourou,OSM,5.155532080000000,-52.655696180000000
973040699D-38,38,Rue Alexander Fleming,97310,Kourou,OSM,5.155350480000000,-52.655717899999999
973040699D-40,40,Rue Alexander Fleming,97310,Kourou,OSM,5.155340820000000,-52.655874500000003
973040699D-4,4,Rue Alexander Fleming,97310,Kourou,OSM,5.155689980000000,-52.654220780000003
973040699D-5,5,Rue Alexander Fleming,97310,Kourou,OSM,5.155947780000000,-52.654383760000002
973040699D-6,6,Rue Alexander Fleming,97310,Kourou,OSM,5.155518460000000,-52.654207780000000
973040699D-7,7,Rue Alexander Fleming,97310,Kourou,OSM,5.155948320000000,-52.654522120000003
973040699D-8,8,Rue Alexander Fleming,97310,Kourou,OSM,5.155508980000000,-52.654370659999998
973040699D-9,9,Rue Alexander Fleming,97310,Kourou,OSM,5.155946120000000,-52.654646280000001
973070100P-93,93,Rue des Alamandas,97351,Matoury,OSM,4.893082800000000,-52.339388599999999
973070100P-95,95,Rue des Alamandas,97351,Matoury,OSM,4.893048500000000,-52.339257199999999
973070100P-97,97,Rue des Alamandas,97351,Matoury,OSM,4.892960800000000,-52.339166800000001
973070125S-17,17,Rue Chawari,97351,Matoury,OSM,4.893855057140000,-52.337666757100003
973070202A-33ODER4,33ODER4,Rue Yayamadou,97351,Matoury,OSM,4.894770222220000,-52.336132333300000
973070205D-1,1,Rue des Mussaendas,97351,Matoury,OSM,4.893493800000000,-52.345109299999997
973070205D-20,20,Rue des Mussaendas,97351,Matoury,OSM,4.893540700000000,-52.342950199999997
973070205D-22,22,Rue des Mussaendas,97351,Matoury,OSM,4.893804400000000,-52.342781000000002
973070205D-3,3,Rue des Mussaendas,97351,Matoury,OSM,4.893304400000000,-52.344710999999997
973070205D-5,5,Rue des Mussaendas,97351,Matoury,OSM,4.893268100000000,-52.344237499999998
973070205D-7,7,Rue des Mussaendas,97351,Matoury,OSM,4.893248900000000,-52.343827599999997
973070205D-9,9,Rue des Mussaendas,97351,Matoury,OSM,4.893395000000000,-52.343299999999999
973080020Y-3,3,Rue Joseph Léandre,97313,Saint-Georges,OSM,3.887520100000000,-51.801795499999997
973090149J-48,48,Rue Bois Maho Noir,97354,Remire-Montjoly,OSM,4.907417242860000,-52.286620285700003
973090233A-6323,6323,Route des Plages,97354,Remire-Montjoly,OSM,4.869295000000000,-52.249646300000002
"973100007A-PK28,5","PK28,5",Route de l'Est,97311,Roura,OSM,4.718652200000000,-52.387599899999998
973110100X-24,24,Boulevard Malouet,97320,Saint-Laurent-du-Maroni,OSM,5.506287700000000,-54.029889799999999
973110200F-24,24,Rue Thiers,97320,Saint-Laurent-du-Maroni,OSM,5.498921300000000,-54.029673000000003
973120084A-11,11,rue Léon Mine,97315,Sinnamary,OSM,5.361551386670000,-52.947995333300000
973600014R-161,161,Rue Lambert Amayota,97317,Apatou,OSM,5.154112800000000,-54.343450099999998
973600016T-21,21,Rue Didine Rodolphe,97317,Apatou,OSM,5.157722800000000,-54.344700400000001
